SrNo,Parent Label,Field Name,SQL Code,Comments,Multiple_confidence_columns,Columns_list
1,Demographic Details,Farmer Occupation,"SELECT 
`t_farmer_occupation`.`int_krushk_id`,
`t_farmer_info`.`vch_aadharno`,
CASE WHEN `t_farmer_occupation`.`updated_at` <= '2022-05-03'   THEN  `t_farmer_occupation`.`vch_occupation`
ELSE NULL 
END AS field  ,
CASE WHEN  `t_farmer_occupation`.`updated_at` > '2022-05-03'   THEN  `t_farmer_occupation`.`vch_occupation`
ELSE NULL 
END AS self,

CASE WHEN `mpas_dump_data`.`Aadhar_No. of farmer` IS NULL THEN NULL
 	ELSE 1
END as `mpas`,
CASE WHEN `ppas_dump_data`.`AADHAARNO` IS NULL THEN NULL
	ELSE 1 
END as `ppas`,
CASE WHEN `bhulekh_response_data`.`vch_aadharno` IS NULL THEN NULL 
ELSE 1 
END AS `bhulekh`

FROM `t_farmer_occupation` 
LEFT JOIN t_farmer_info
ON `t_farmer_occupation`.`int_krushk_id` = t_farmer_info.`int_krushk_id`
LEFT JOIN t_cropping_land_details
ON `t_cropping_land_details`.`int_krushk_id` = t_farmer_info.`int_krushk_id`
LEFT JOIN (SELECT DISTINCT `mpas_dump_data`.`Aadhar_No. of farmer` FROM `mpas_dump_data`) as mpas_dump_data
ON `t_farmer_info`.`vch_aadharno` = `mpas_dump_data`.`Aadhar_No. of farmer`
LEFT JOIN (SELECT DISTINCT `ppas_dump_data`.`AADHAARNO` FROM `ppas_dump_data`) as ppas_dump_data
ON `t_farmer_info`.`vch_aadharno` = `ppas_dump_data`.`AADHAARNO`
LEFT JOIN (
SELECT DISTINCT 
`t_cropping_land_details`.`vch_aadharno`
FROM `t_cropping_land_details` 
INNER JOIN  `bhulekh_response_data`

ON `bhulekh_response_data`.`dist_code` = t_cropping_land_details.`vch_district` 
AND `bhulekh_response_data`.`tehsil_code` = t_cropping_land_details.`vch_tahsil`
AND `bhulekh_response_data`.`vill_code` = t_cropping_land_details.`vch_village`
AND `bhulekh_response_data`.`khata_no` = t_cropping_land_details.`vch_khata_no`
AND `bhulekh_response_data`.`plot_no` = t_cropping_land_details.`vch_plot_no`

) as `bhulekh_response_data`

ON `t_farmer_info`.`vch_aadharno` =  `bhulekh_response_data`.`vch_aadharno`

WHERE `t_farmer_occupation`.`vch_occupation` IS NOT NULL",Multiple occupation value for same adhar in KO,1,"field,self,mpas,ppas,bhulekh"
2,Demographic Details,Type of Agricultural Labourer,"SELECT DISTINCT `int_krushk_id`,
CASE WHEN `last_update_on` <= '2022-05-03'   THEN  `tin_type_of_labourer` 
ELSE NULL 
END AS field  ,
CASE WHEN `last_update_on` > '2022-05-03'   THEN  `tin_type_of_labourer` 
ELSE NULL 
END AS self
FROM `t_demographic_details` 
WHERE tin_type_of_labourer IS NOT NULL",,0,"field,self"
3,Demographic Details,Type of Crop Cultivator,"SELECT DISTINCT  t_farmer_cultivator_type.int_krushk_id,
 
 CASE WHEN  `t_farmer_cultivator_type`.`updated_at` <= '2022-05-03'  THEN `t_farmer_cultivator_type`.`vch_cultivator_type`
WHEN `t_farmer_cultivator_type`.`updated_at` IS NULL   THEN  `t_farmer_cultivator_type`.`vch_cultivator_type`
ELSE NULL 
END AS field  ,

CASE WHEN `t_farmer_cultivator_type`.`updated_at` > '2022-05-03'   THEN  `t_farmer_cultivator_type`.`vch_cultivator_type`
ELSE NULL 
END AS self,


CASE WHEN `ppas_dump_data`.`AADHAARNO` IS NOT NULL   THEN  1
ELSE NULL 
END AS ppas,

mpas_dump_data.type_crop_cultivator as mpas FROM t_farmer_cultivator_type

LEFT JOIN t_farmer_info 
ON t_farmer_cultivator_type.int_krushk_id = t_farmer_info.int_krushk_id


LEFT JOIN (SELECT DISTINCT `ppas_dump_data`.`AADHAARNO` FROM `ppas_dump_data`) as ppas_dump_data
ON `t_farmer_info`.`vch_aadharno` = `ppas_dump_data`.`AADHAARNO`

LEFT JOIN (SELECT DISTINCT `Aadhar_No. of farmer`,
CASE WHEN `Farmer is Owner of the land or share cropper` = 'OWNER' THEN 1
ELSE 2  END AS `type_crop_cultivator` FROM `mpas_dump_data`) as mpas_dump_data
ON `t_farmer_info`.`vch_aadharno` = `mpas_dump_data`.`Aadhar_No. of farmer`",,1,"field,self,mpas,ppas"
4,Demographic Details,Activities,"SELECT t_farmer_activities.`int_krushk_id`,
t_farmer_info.vch_aadharno,
CASE WHEN t_farmer_activities.`updated_at` <= '2022-05-03'   THEN  t_farmer_activities.`vch_activity`
ELSE NULL 
END AS field  ,
CASE WHEN t_farmer_activities.`updated_at` > '2022-05-03'   THEN  t_farmer_activities.`vch_activity`
ELSE NULL 
END AS self,

CASE WHEN `mpas_dump_data`.`Aadhar_No. of farmer` IS NULL THEN NULL
 	ELSE 1
END as `mpas`,
CASE WHEN `ppas_dump_data`.`AADHAARNO` IS NULL THEN NULL
	ELSE 1 
END AS `ppas`
FROM `t_farmer_activities` LEFT JOIN t_farmer_info
ON `t_farmer_activities`.`int_krushk_id` = `t_farmer_info`.`int_krushk_id`
LEFT JOIN (SELECT DISTINCT `mpas_dump_data`.`Aadhar_No. of farmer` FROM `mpas_dump_data`) as mpas_dump_data
ON `t_farmer_info`.`vch_aadharno` = `mpas_dump_data`.`Aadhar_No. of farmer`
LEFT JOIN (SELECT DISTINCT `ppas_dump_data`.`AADHAARNO` FROM `ppas_dump_data`) as ppas_dump_data
ON `t_farmer_info`.`vch_aadharno` = `ppas_dump_data`.`AADHAARNO`
WHERE t_farmer_activities.`vch_activity` IS NOT NULL",,1,"field,self,mpas,ppas"
5,Demographic Details,Application Number,"SELECT `int_krushk_id`,`vch_aadharno`,`vch_application_no` FROM `t_farmer_info` ",,0,vch_application_no
6,Demographic Details,Aadhaar No,"SELECT DISTINCT `int_krushk_id`,`vch_aadharno` FROM `t_farmer_info` 
",,0,vch_aadharno
7,Demographic Details,Farmer Name (As per Aadhaar),"SELECT DISTINCT `int_krushk_id`,`vch_farmer_name` FROM `t_farmer_info` ",,0, vch_farmer_name
8,Demographic Details,Gender,"SELECT `int_krushk_id`,
CASE WHEN `updated_at` <= '2202-05-03'   THEN  `tin_gender` 
ELSE NULL 
END AS field  ,
CASE WHEN `updated_at` > '2202-05-03'   THEN  `tin_gender` 
ELSE NULL 
END AS self
FROM `t_farmer_info` 
WHERE `tin_gender`   IS NOT NULL",,1,"tin_gender_field,tin_gender_field"
9,Demographic Details,Day of Birth,"SELECT DISTINCT `int_krushk_id`,
CASE WHEN `updated_at` <= '2202-05-03'   THEN  `int_dob_date`
ELSE NULL 
END AS field  ,
CASE WHEN `updated_at` > '2202-05-03'   THEN  `int_dob_date`
ELSE NULL 
END AS Aadhar
FROM `t_farmer_info` 
WHERE `int_dob_date`   IS NOT NULL",,0,"field,Aadhar"
10,Demographic Details,Month of Birth,"SELECT `int_krushk_id`,
CASE WHEN `updated_at` <= '2202-05-03'   THEN  `int_dob_month`
ELSE NULL 
END AS field  ,
CASE WHEN `updated_at` > '2202-05-03'   THEN  `int_dob_month`
ELSE NULL 
END AS Aadhar
FROM `t_farmer_info` 
WHERE `int_dob_month`   IS NOT NULL",,0,"field,Aadhar"
11,Demographic Details,Year of Birth,"SELECT `int_krushk_id`,
CASE WHEN `updated_at` <= '2202-05-03'   THEN  `int_dob_year`
ELSE NULL 
END AS field  ,
CASE WHEN `updated_at` > '2202-05-03'   THEN  `int_dob_year`
ELSE NULL 
END AS Aadhar
FROM `t_farmer_info` 
WHERE `int_dob_year`   IS NOT NULL",,0,"field,Aadhar"
12,Demographic Details,Social Category,"SELECT t_demographic_details.`int_krushk_id`,
t_demographic_details.`vch_aadharno`,
CASE WHEN `updated_at` <= '2202-05-03'   THEN  t_demographic_details.`int_category`
ELSE NULL 
END AS field  ,
CASE WHEN `updated_at` > '2202-05-03'   THEN  t_demographic_details.`int_category`
ELSE NULL 
END AS self,
ppas_dump_data.`ppas_caste` as ppas
FROM `t_demographic_details` 
LEFT JOIN 
(
    SELECT DISTINCT
     `ppas_dump_data`.`AADHAARNO`,
    CASE WHEN `Framer_Category` = 'SC' THEN 2
    WHEN  `Framer_Category` = 'ST' THEN 3
    ELSE NULL END AS ppas_caste           
 FROM `ppas_dump_data`
WHERE `Framer_Category` IS NOT NULL
) as ppas_dump_data
ON `t_demographic_details`.`vch_aadharno` = `ppas_dump_data`.`AADHAARNO`
WHERE t_demographic_details.`int_category` IS NOT NULL",,1,"field,self,ppas"
13,Demographic Details,Marital Status,"SELECT t_demographic_details.`int_krushk_id`,
t_demographic_details.`vch_aadharno`,
CASE WHEN `updated_at` <= '2202-05-03'   THEN  t_demographic_details.`int_marital_status`
ELSE NULL 
END AS field  ,
CASE WHEN `updated_at` > '2202-05-03'   THEN  t_demographic_details.`int_marital_status`
ELSE NULL 
END AS self
FROM `t_demographic_details` 
WHERE  t_demographic_details.`int_marital_status` IS NOT NULL",,0,
14,Demographic Details,Primary Mobile number,"SELECT 
`t_farmer_info`.`vch_aadharno`,
`t_farmer_info`.`int_krushk_id`,
CASE WHEN `t_farmer_info`.`updated_at` <= '2202-05-03'   THEN  `t_farmer_info`.`vch_mobile_no`
	ELSE NULL 
END AS field  ,
CASE WHEN `t_farmer_info`.`updated_at` > '2202-05-03'   THEN `t_farmer_info`.`vch_mobile_no`
	ELSE NULL 
END AS self,

CASE WHEN ama_krushi.number  IS NOT NULL THEN  `t_farmer_info`.`vch_mobile_no`
	ELSE NULL 
END AS ama_krushi,
t_otp.`int_mobile` as OTP,
`ppas_dump_data`.`Mobile_No` as ppas,
`mpas_dump_data`.`Mobile No` as mpas

FROM `t_farmer_info`

LEFT JOIN  (SELECT DISTINCT  int_mobile,vch_aadhar_no FROM t_otp
           WHERE LENGTH(int_mobile) > 0 
           ) t_otp
ON `t_farmer_info`.`vch_aadharno`= t_otp.`vch_aadhar_no`

LEFT JOIN (SELECT DISTINCT ama_krushi.number FROM  ama_krushi) as ama_krushi
ON `t_farmer_info`.`vch_mobile_no` = ama_krushi.number


LEFT JOIN (SELECT DISTINCT `Mobile_No`,`AADHAARNO` FROM `ppas_dump_data`
          WHERE `Mobile_No` IS NOT NULL 
          ) as `ppas_dump_data`
ON  `t_farmer_info`.`vch_aadharno`=`ppas_dump_data`.`AADHAARNO`

LEFT JOIN (SELECT DISTINCT `Mobile No`,`Aadhar_No. of farmer` FROM `mpas_dump_data` WHERE 
 `Mobile No`  IS NOT NULL
 AND LENGTH(`Mobile No`) > 0 ) mpas_dump_data
ON  `t_farmer_info`.`vch_aadharno`=`mpas_dump_data`.`Aadhar_No. of farmer`

WHERE t_farmer_info.`vch_aadharno` <> ""999999999999""
AND t_farmer_info.`vch_mobile_no` IS NOT NULL ",,1,"field,self,ama_krushi,OTP,ppas"
15,Demographic Details,Secondary Mobile number,"SELECT int_secondary_mobile_number,int_krushk_id FROM `t_demographic_details` WHERE 1",,0,int_secondary_mobile_number
16,Demographic Details,Own Mobile,"SELECT `tin_own_mobile`,`int_krushk_id` FROM `t_demographic_details`",,0,tin_own_mobile
17,Demographic Details,Photograph,,,0,
18,Demographic Details,Farmer Type,"SELECT vch_aadharno, vch_tahsil, vch_village, vch_khata_no, vch_plot_no,
CASE WHEN (field/2.47) >= 10    THEN 6	
WHEN (field/2.47) >= 4    THEN 5
WHEN (field/2.47) >= 2    THEN 4	
WHEN (field/2.47) >= 1    THEN 3	
WHEN (field/2.47) >= 0   THEN 2	
WHEN (field/2.47) = 0    THEN 1	
ELSE NULL END AS field ,

CASE WHEN (self/2.47) >= 10    THEN 6	
WHEN (self/2.47) >= 4    THEN 5
WHEN (self/2.47) >= 2    THEN 4	
WHEN (self/2.47) >= 1    THEN 3	
WHEN (self/2.47) >= 0   THEN 2	
WHEN (self/2.47) = 0    THEN 1	
ELSE NULL END AS self ,

CASE WHEN (bhulekh/2.47) >= 10    THEN 6	
WHEN (bhulekh/2.47) >= 4    THEN 5
WHEN (bhulekh/2.47) >= 2    THEN 4	
WHEN (bhulekh/2.47) >= 1    THEN 3	
WHEN (bhulekh/2.47) >= 0   THEN 2	
WHEN (bhulekh/2.47) = 0    THEN 1	
ELSE NULL END AS bhulekh ,

CASE WHEN (ppas/2.47) >= 10    THEN 6	
WHEN (ppas/2.47) >= 4    THEN 5
WHEN (ppas/2.47) >= 2    THEN 4	
WHEN (ppas/2.47) >= 1    THEN 3	
WHEN (ppas/2.47) >= 0   THEN 2	
WHEN (ppas/2.47) = 0    THEN 1	
ELSE NULL END AS ppas ,

CASE WHEN (mpas/2.47) >= 10    THEN 6	
WHEN (mpas/2.47) >= 4    THEN 5
WHEN (mpas/2.47) >= 2    THEN 4	
WHEN (mpas/2.47) >= 1    THEN 3	
WHEN (mpas/2.47) >= 0   THEN 2	
WHEN (mpas/2.47) = 0    THEN 1	
ELSE NULL END AS mpas 

FROM 

(SELECT DISTINCT 
`t_cropping_land_details`.`vch_aadharno`,
`t_cropping_land_details`.`vch_tahsil`,
`t_cropping_land_details`.`vch_village`,
`t_cropping_land_details`.`vch_khata_no`,
`t_cropping_land_details`.`vch_plot_no`,
CASE WHEN `updated_at` <= '2202-05-03'   THEN ROUND(`t_cropping_land_details`.`float_landholding_size`,1)
ELSE NULL 
END AS field  ,
CASE WHEN `updated_at` > '2202-05-03'   THEN  ROUND(`t_cropping_land_details`.`float_landholding_size`,1)
ELSE NULL 
END AS self,
ROUND(`bhulekh_response_data`.`area_in_acre`,1) as bhulekh,
ROUND(mpas_dump_data.`Area in Acre`,1) as mpas,
ROUND(ppas_dump_data.`Tot_Area`,1) as ppas


FROM `t_cropping_land_details` 

LEFT JOIN 
( SELECT `bhulekh_response_data`.application_id,`bhulekh_response_data`.`dist_code`, `bhulekh_response_data`.`tehsil_code`, `bhulekh_response_data`.`vill_code`,
 `bhulekh_response_data`.`khata_no` ,`bhulekh_response_data`.`plot_no`,AVG(`bhulekh_response_data`.`area_in_acre`) as `area_in_acre`
 FROM `bhulekh_response_data`
 WHERE `bhulekh_response_data`.`area_in_acre` IS NOT NULL

 GROUP BY 1,2,3,4,5,6
 ) `bhulekh_response_data`
    
ON `bhulekh_response_data`.`dist_code` = t_cropping_land_details.`vch_district` 
AND `bhulekh_response_data`.`tehsil_code` = t_cropping_land_details.`vch_tahsil`
AND `bhulekh_response_data`.`vill_code` = t_cropping_land_details.`vch_village`
AND `bhulekh_response_data`.`khata_no` = t_cropping_land_details.`vch_khata_no`
AND `bhulekh_response_data`.`plot_no` = t_cropping_land_details.`vch_plot_no`
AND `t_cropping_land_details`.`vch_application_no` =`bhulekh_response_data`.application_id 

LEFT JOIN 
(SELECT mpas_dump_data.`Aadhar_No. of farmer`,`Khata No`, `mpas_dump_data`.`Plot No`, AVG(`mpas_dump_data`.`Area in Acre`)AS `Area in Acre` FROM mpas_dump_data
WHERE `mpas_dump_data`.`Area in Acre` IS NOT NULL

GROUP BY 1,2,3) mpas_dump_data

ON `t_cropping_land_details`.`vch_aadharno` =  `mpas_dump_data`.`Aadhar_No. of farmer`
AND  `t_cropping_land_details`.`vch_khata_no` = `mpas_dump_data`.`Khata No`
AND `t_cropping_land_details`.`vch_plot_no` = `mpas_dump_data`.`Plot No`


LEFT JOIN 
(SELECT `PlotNo`,`KhataNo`,`AADHAARNO`,AVG(`Tot_Area`) as `Tot_Area`  FROM ppas_dump_data 
WHERE `Tot_Area` IS NOT NULL

GROUP BY 1,2,3

) ppas_dump_data

ON `t_cropping_land_details`.`vch_aadharno` =  `ppas_dump_data`.`AADHAARNO`
AND  `t_cropping_land_details`.`vch_khata_no` = `ppas_dump_data`.`KhataNo`
AND `t_cropping_land_details`.`vch_plot_no` = `ppas_dump_data`.`PlotNo`
WHERE `t_cropping_land_details`.`float_landholding_size` IS NOT NULL) base ",,1,"field,self,bhulekh,ppas,mpas"
19,Demographic Details,Other Profession,"SELECT `t_farmer_other_profession`.`int_krushk_id`,
CASE WHEN `updated_at` <= '2202-05-03' THEN `vch_profession`
WHEN `updated_at` IS NULL THEN `vch_profession`
ELSE NULL END AS field , 
CASE WHEN `updated_at` > '2202-05-03' THEN `vch_profession` ELSE NULL END AS self 
FROM `t_farmer_other_profession` WHERE `vch_profession` IS NOT NULL",,0,"field,self"
20,Residential Address,District,"SELECT t_demographic_details.`int_krushk_id`,
t_demographic_details.`vch_aadharno`,
CASE WHEN `t_demographic_details`.`updated_at` <= '2202-05-03'   THEN  lower(m_district.vch_district_name)
WHEN `t_demographic_details`.`updated_at` IS NULL   THEN  lower(m_district.vch_district_name)
ELSE NULL 
END AS field  ,
CASE WHEN `t_demographic_details`.`updated_at` > '2202-05-03'   THEN  lower(m_district.vch_district_name)
ELSE NULL 
END AS self,
lower(mpas_dump_data.`District Name`) AS mpas,
lower(ppas_dump_data.`Districtname`) AS ppas,
lower(nfsa_one.District) AS nfsa


FROM `t_demographic_details` 
LEFT JOIN m_district 
ON  `t_demographic_details`.vch_district = m_district. int_district_code

LEFT JOIN (SELECT DISTINCT `mpas_dump_data`.`Aadhar_No. of farmer`, `District Name` FROM `mpas_dump_data`) as mpas_dump_data
ON `t_demographic_details`.`vch_aadharno` = `mpas_dump_data`.`Aadhar_No. of farmer`

LEFT JOIN (SELECT DISTINCT `ppas_dump_data`.`AADHAARNO`,`Districtname` FROM `ppas_dump_data`) as ppas_dump_data
ON `t_demographic_details`.`vch_aadharno` = `ppas_dump_data`.`AADHAARNO`

LEFT JOIN (SELECT DISTINCT `aadhaar`,lower(`District`) as `District` FROM `nfsa_one` ) nfsa_one
ON `t_demographic_details`.`vch_aadharno` = nfsa_one.`aadhaar`


WHERE `t_demographic_details`.`vch_district` IS NOT NULL
AND `t_demographic_details`.`vch_aadharno` IS NOT NULL
AND  `m_district`.`vch_district_name` IS NOT NULL",,1,"field,self,mpas,ppas"
21,Residential Address,"Block,NAC,ULB","SELECT DISTINCT t_demographic_details.`int_krushk_id`,
t_demographic_details.`vch_aadharno`,
CASE WHEN `t_demographic_details`.`updated_at` <= '2202-05-03'   THEN  lower(`m_block`.`vch_block_name`)
WHEN `t_demographic_details`.`updated_at` IS NULL   THEN  lower(`m_block`.`vch_block_name`)
ELSE NULL 
END AS field  ,
CASE WHEN `t_demographic_details`.`updated_at` > '2202-05-03'   THEN  lower(`m_block`.`vch_block_name`)
ELSE NULL 
END AS self,
lower(mpas_dump_data.`FARMER_BLOCKNAME`) AS mpas,
lower(nfsa_one.Block) AS nfsa


FROM `t_demographic_details` 
LEFT JOIN m_block   on t_demographic_details.vch_block_ulb = m_block.int_block_code

LEFT JOIN (SELECT DISTINCT `mpas_dump_data`.`Aadhar_No. of farmer`, `FARMER_BLOCKNAME` FROM `mpas_dump_data`  WHERE `FARMER_BLOCKNAME` IS NOT NULL) as mpas_dump_data
ON `t_demographic_details`.`vch_aadharno` = `mpas_dump_data`.`Aadhar_No. of farmer`

LEFT JOIN ( SELECT DISTINCT `aadhaar`,`Block` FROM `nfsa_one` WHERE `Block` IS NOT NULL) nfsa_one
ON `t_demographic_details`.`vch_aadharno` = nfsa_one.`aadhaar`

WHERE `t_demographic_details`.`vch_block_ulb` IS NOT NULL
AND `t_demographic_details`.`vch_aadharno` IS NOT NULL
AND  `m_block`.`vch_block_name` IS NOT NULL ",,1,"field,self,mpas,nfsa"
22,Residential Address,"Gram Panchayat,Ward","SELECT DISTINCT t_demographic_details.`int_krushk_id`,
t_demographic_details.`vch_aadharno`,
CASE WHEN `t_demographic_details`.`updated_at` <= '2202-05-03'   THEN  lower(`m_gp_ward`.`vch_gp_ward`)
WHEN `t_demographic_details`.`updated_at` IS NULL   THEN  lower(`m_gp_ward`.`vch_gp_ward`)
ELSE NULL 
END AS field  ,
CASE WHEN `t_demographic_details`.`updated_at` > '2202-05-03'   THEN  lower(`m_gp_ward`.`vch_gp_ward`)
ELSE NULL 
END AS self,
lower(mpas_dump_data.`GP Name`) AS mpas,
lower(nfsa_one.`GP`) AS nfsa


FROM `t_demographic_details` 
LEFT JOIN m_gp_ward   on t_demographic_details.`vch_gp_ward`= m_gp_ward.int_gp_ward_code 

LEFT JOIN (SELECT DISTINCT `mpas_dump_data`.`Aadhar_No. of farmer`, `GP Name` FROM `mpas_dump_data`  WHERE `GP Name` IS NOT NULL) as mpas_dump_data
ON `t_demographic_details`.`vch_aadharno` = `mpas_dump_data`.`Aadhar_No. of farmer`

LEFT JOIN ( SELECT DISTINCT `aadhaar`,`GP` FROM `nfsa_one` WHERE `GP` IS NOT NULL) nfsa_one
ON `t_demographic_details`.`vch_aadharno` = nfsa_one.`aadhaar`

WHERE `t_demographic_details`.`vch_gp_ward` IS NOT NULL
AND `t_demographic_details`.`vch_aadharno` IS NOT NULL
AND  `m_gp_ward`.`vch_gp_ward` IS NOT NULL",,1,"field,self,mpas,nfsa"
23,Residential Address,Village,"SELECT DISTINCT t_demographic_details.`int_krushk_id`,
t_demographic_details.`vch_aadharno`,
CASE WHEN `t_demographic_details`.`updated_at` <= '2202-05-03'   THEN  lower(m_village.`vch_village`)
WHEN `t_demographic_details`.`updated_at` IS NULL   THEN  lower(m_village.`vch_village`)
ELSE NULL 
END AS field  ,
CASE WHEN `t_demographic_details`.`updated_at` > '2202-05-03'   THEN  lower(m_village.`vch_village`)
ELSE NULL 
END AS self,
lower(`mpas_dump_data`.`village`) AS mpas,
lower(`ppas_dump_data`.`village`) as ppas
lower(nfsa_one.`village`) AS nfsa


FROM `t_demographic_details` 
LEFT JOIN m_village on t_demographic_details.`vch_village`= m_village.int_village_code

LEFT JOIN (SELECT DISTINCT `mpas_dump_data`.`Aadhar_No. of farmer`, `mpas_dump_data`.`village` FROM `mpas_dump_data`  WHERE 
`mpas_dump_data`.`village` IS NOT NULL) as mpas_dump_data
ON `t_demographic_details`.`vch_aadharno` = `mpas_dump_data`.`Aadhar_No. of farmer`

LEFT JOIN (SELECT DISTINCT `ppas_dump_data`.`AADHAARNO`,`ppas_dump_data`.`village`  FROM `ppas_dump_data`WHERE 
`mpas_dump_data`.`village` IS NOT NULL) as ppas_dump_data
ON `t_demographic_details`.`vch_aadharno` = `ppas_dump_data`.`AADHAARNO`

LEFT JOIN ( SELECT DISTINCT `aadhaar`,nfsa_one.`village` FROM `nfsa_one` WHERE nfsa_one.`village`  IS NOT NULL) nfsa_one
ON `t_demographic_details`.`vch_aadharno` = nfsa_one.`aadhaar`

WHERE t_demographic_details.`vch_village` IS NOT NULL
AND `t_demographic_details`.`vch_aadharno` IS NOT NULL
AND  m_village.`vch_village` IS NOT NULL ",,1,"field,self,mpas,nfsa,ppas"
24,Residential Address,Address,"SELECT DISTINCT t_farmer_info.int_krushk_id,vch_address FROM  t_farmer_info",,0,vch_address
25,Bank Details,Bank Name,"SELECT DISTINCT t_bank_details.vch_bank_name,t_bank_details.int_krushk_id FROM t_bank_details
LEFT JOIN t_farmer_info 
ON t_bank_details.int_krushk_id = t_farmer_info.t_farmer_info",,0,vch_bank_name
26,Bank Details,Branch Name,"SELECT DISTINCT t_bank_details.vch_branch_name,t_bank_details.int_krushk_id FROM t_bank_details
LEFT JOIN t_farmer_info 
ON t_bank_details.int_krushk_id = t_farmer_info.t_farmer_info",,0,vch_branch_name
27,Bank Details,IFS Code,"SELECT
int_krushk_id.t_bank_details,
CASE WHEN t_bank_details.updated_at <= '2202-05-03'   THEN  t_bank_details.vch_ifsc
WHEN t_bank_details.updated_at IS NULL   THEN  t_bank_details.vch_ifsc
ELSE NULL 
END AS field  ,
CASE WHEN t_bank_details.updated_at > '2202-05-03'   THEN  t_bank_details.vch_ifsc
ELSE NULL 
END AS self
FROM t_bank_details
LEFT JOIN t_farmer_info 
ON t_bank_details.int_krushk_id = t_farmer_info.t_farmer_info",,0,"field,self"
28,Bank Details,Account Number,"SELECT
int_krushk_id.t_bank_details,
CASE WHEN t_bank_details.updated_at <= '2202-05-03'   THEN  t_bank_details.`vch_account_number`
WHEN t_bank_details.updated_at IS NULL   THEN  t_bank_details.`vch_account_number`
ELSE NULL 
END AS field  ,
CASE WHEN t_bank_details.updated_at > '2202-05-03'   THEN  t_bank_details.`vch_account_number`
ELSE NULL 
END AS self
FROM t_bank_details
LEFT JOIN t_farmer_info 
ON t_bank_details.int_krushk_id = t_farmer_info.t_farmer_info",,0,"field,self"
29,Bank Details,Account holder Name,"SELECT
int_krushk_id.t_bank_details,
CASE WHEN t_bank_details.updated_at <= '2202-05-03'   THEN  t_bank_details.`vch_accountholder_name`
WHEN t_bank_details.updated_at IS NULL   THEN  t_bank_details.`vch_accountholder_name`
ELSE NULL 
END AS field  ,
CASE WHEN t_bank_details.updated_at > '2202-05-03'   THEN  t_bank_details.`vch_accountholder_name`
ELSE NULL 
END AS self
FROM t_bank_details
LEFT JOIN t_farmer_info 
ON t_bank_details.int_krushk_id = t_farmer_info.t_farmer_info",,0,"field,self"
30,Bank Details,Nature of Account,"SELECT
int_krushk_id.t_bank_details,
CASE WHEN t_bank_details.updated_at <= '2202-05-03'   THEN  t_bank_details.`int_nature_of_account`
WHEN t_bank_details.updated_at IS NULL   THEN  t_bank_details.`int_nature_of_account`
ELSE NULL 
END AS field  ,
CASE WHEN t_bank_details.updated_at > '2202-05-03'   THEN  t_bank_details.`int_nature_of_account`
ELSE NULL 
END AS self
FROM t_bank_details
LEFT JOIN t_farmer_info 
ON t_bank_details.int_krushk_id = t_farmer_info.t_farmer_info",,0,"field,self"
31,Bank Details,Account holder relationship with Farmer,"SELECT
int_krushk_id.t_bank_details,
CASE WHEN t_bank_details.updated_at <= '2202-05-03'   THEN  t_bank_details.`int_own_account`
WHEN t_bank_details.updated_at IS NULL   THEN  t_bank_details.`int_own_account`
ELSE NULL 
END AS field  ,
CASE WHEN t_bank_details.updated_at > '2202-05-03'   THEN  t_bank_details.`int_own_account`
ELSE NULL 
END AS self
FROM t_bank_details
LEFT JOIN t_farmer_info 
ON t_bank_details.int_krushk_id = t_farmer_info.t_farmer_info",,0,"field,self"
32,Crop Production Details,District,"SELECT DISTINCT 
`t_cropping_land_details`.`vch_aadharno`,
`t_cropping_land_details`.`vch_tahsil`,
`t_cropping_land_details`.`vch_village`,
`t_cropping_land_details`.`vch_khata_no`,
`t_cropping_land_details`.`vch_plot_no`,

CASE WHEN  `t_cropping_land_details`.`updated_at` <= '2202-05-03'  THEN lower(m_bhulekh_district.vch_district)
WHEN `t_cropping_land_details`.`updated_at` IS NULL   THEN  lower(m_bhulekh_district.vch_district)
ELSE NULL 
END AS field  ,

CASE WHEN `t_cropping_land_details`.`updated_at` > '2202-05-03'   THEN  lower(m_bhulekh_district.vch_district)
ELSE NULL 
END AS self,
CASE WHEN `bhulekh_response_data`.`dist_code`  IS NOT NULL THEN lower(m_bhulekh_district.vch_district) 
ELSE NULL END as bhulekh,
lower(mpas_dump_data.`District Name`) AS mpas,
lower(ppas_dump_data.`Districtname`) AS ppas


FROM `t_cropping_land_details` 

LEFT JOIN m_bhulekh_district 
ON  `t_cropping_land_details`.vch_district = m_bhulekh_district.int_district_code



LEFT JOIN 
( SELECT `bhulekh_response_data`.application_id,`bhulekh_response_data`.`dist_code`, `bhulekh_response_data`.`tehsil_code`, `bhulekh_response_data`.`vill_code`,
 `bhulekh_response_data`.`khata_no` ,`bhulekh_response_data`.`plot_no`,AVG(`bhulekh_response_data`.`area_in_acre`) as `area_in_acre`
 FROM `bhulekh_response_data`
 WHERE `bhulekh_response_data`.`area_in_acre` IS NOT NULL
 GROUP BY 1,2,3,4,5,6
 ) `bhulekh_response_data`
    
ON `bhulekh_response_data`.`dist_code` = t_cropping_land_details.`vch_district` 
AND `bhulekh_response_data`.`tehsil_code` = t_cropping_land_details.`vch_tahsil`
AND `bhulekh_response_data`.`vill_code` = t_cropping_land_details.`vch_village`
AND `bhulekh_response_data`.`khata_no` = t_cropping_land_details.`vch_khata_no`
AND `bhulekh_response_data`.`plot_no` = t_cropping_land_details.`vch_plot_no`
AND `t_cropping_land_details`.`vch_application_no` =`bhulekh_response_data`.application_id 

LEFT JOIN 
(SELECT mpas_dump_data.`Aadhar_No. of farmer`,`Khata No`, mpas_dump_data.`District Name`,`mpas_dump_data`.`Plot No`, AVG(`mpas_dump_data`.`Area in Acre`)AS `Area in Acre` FROM mpas_dump_data
WHERE `mpas_dump_data`.`Area in Acre` IS NOT NULL
GROUP BY 1,2,3,4) mpas_dump_data

ON `t_cropping_land_details`.`vch_aadharno` =  `mpas_dump_data`.`Aadhar_No. of farmer`
AND  `t_cropping_land_details`.`vch_khata_no` = `mpas_dump_data`.`Khata No`
AND `t_cropping_land_details`.`vch_plot_no` = `mpas_dump_data`.`Plot No`


LEFT JOIN 
(SELECT `PlotNo`,`KhataNo`,`AADHAARNO`,ppas_dump_data.`Districtname`, AVG(`Tot_Area`) as `Tot_Area`  FROM ppas_dump_data 
WHERE `Tot_Area` IS NOT NULL


GROUP BY 1,2,3,4

) ppas_dump_data

ON `t_cropping_land_details`.`vch_aadharno` =  `ppas_dump_data`.`AADHAARNO`
AND  `t_cropping_land_details`.`vch_khata_no` = `ppas_dump_data`.`KhataNo`
AND `t_cropping_land_details`.`vch_plot_no` = `ppas_dump_data`.`PlotNo`

WHERE m_bhulekh_district.vch_district IS NOT NULL",,1,"field,self,mpas,ppas,bhulekh"
33,Crop Production Details,Tehsil,"SELECT DISTINCT 
`t_cropping_land_details`.`vch_aadharno`,
`t_cropping_land_details`.`vch_tahsil`,
`t_cropping_land_details`.`vch_village`,
`t_cropping_land_details`.`vch_khata_no`,
`t_cropping_land_details`.`vch_plot_no`,

CASE WHEN  `t_cropping_land_details`.`updated_at` <= ""'2202-05-03'""  THEN lower(m_bhulekh_tahsil.int_tahsil_code)
WHEN `t_cropping_land_details`.`updated_at` IS NULL   THEN  lower(m_bhulekh_tahsil.int_tahsil_code)
ELSE NULL 
END AS field  ,

CASE WHEN `t_cropping_land_details`.`updated_at` > ""'2202-05-03'""   THEN  lower(m_bhulekh_tahsil.int_tahsil_code)
ELSE NULL 
END AS self,
CASE WHEN `bhulekh_response_data`.`tehsil_code` IS NOT NULL THEN lower(m_bhulekh_tahsil.int_tahsil_code) 
ELSE NULL END as bhulekh,
lower(ppas_dump_data.TahasilName) AS ppas

FROM `t_cropping_land_details` 

LEFT JOIN m_bhulekh_tahsil 
ON  `t_cropping_land_details`.vch_district = m_bhulekh_tahsil.int_tahsil_code



LEFT JOIN 
( SELECT `bhulekh_response_data`.application_id,`bhulekh_response_data`.`dist_code`, `bhulekh_response_data`.`tehsil_code`, `bhulekh_response_data`.`vill_code`,
 `bhulekh_response_data`.`khata_no` ,`bhulekh_response_data`.`plot_no`,AVG(`bhulekh_response_data`.`area_in_acre`) as `area_in_acre`
 FROM `bhulekh_response_data`
 WHERE `bhulekh_response_data`.`area_in_acre` IS NOT NULL

 GROUP BY 1,2,3,4,5,6
 ) `bhulekh_response_data`
    
ON `bhulekh_response_data`.`dist_code` = t_cropping_land_details.`vch_district` 
AND `bhulekh_response_data`.`tehsil_code` = t_cropping_land_details.`vch_tahsil`
AND `bhulekh_response_data`.`vill_code` = t_cropping_land_details.`vch_village`
AND `bhulekh_response_data`.`khata_no` = t_cropping_land_details.`vch_khata_no`
AND `bhulekh_response_data`.`plot_no` = t_cropping_land_details.`vch_plot_no`
AND `t_cropping_land_details`.`vch_application_no` =`bhulekh_response_data`.application_id 


LEFT JOIN 
(SELECT `PlotNo`,`KhataNo`,`AADHAARNO`,TahasilName, AVG(`Tot_Area`) as `Tot_Area`  FROM ppas_dump_data 
WHERE `TahasilName` IS NOT NULL


GROUP BY 1,2,3,4

) ppas_dump_data

ON `t_cropping_land_details`.`vch_aadharno` =  `ppas_dump_data`.`AADHAARNO`
AND  `t_cropping_land_details`.`vch_khata_no` = `ppas_dump_data`.`KhataNo`
AND `t_cropping_land_details`.`vch_plot_no` = `ppas_dump_data`.`PlotNo`",,1,"field,self,ppas,bhulekh"
34,Crop Production Details,RI Circle,,,0,
35,Crop Production Details,Village,"SELECT DISTINCT 
`t_cropping_land_details`.`vch_aadharno`,
`t_cropping_land_details`.`vch_tahsil`,
`t_cropping_land_details`.`vch_village`,
`t_cropping_land_details`.`vch_khata_no`,
`t_cropping_land_details`.`vch_plot_no`,

CASE WHEN  `t_cropping_land_details`.`updated_at` <= '2202-05-03'  THEN lower(m_bhulekh_village.vch_village)
WHEN `t_cropping_land_details`.`updated_at` IS NULL   THEN  lower(m_bhulekh_village.vch_village)
ELSE NULL 
END AS field  ,

CASE WHEN `t_cropping_land_details`.`updated_at` > '2202-05-03'   THEN  lower(m_bhulekh_village.vch_village)
ELSE NULL 
END AS self,
CASE WHEN `bhulekh_response_data`.`dist_code`  IS NOT NULL THEN lower(m_bhulekh_district.vch_district) 
ELSE NULL END as bhulekh,
lower(mpas_dump_data.`District Name`) AS mpas,
lower(mpas_dump_data.`Village Name`) AS ppas


FROM `t_cropping_land_details` 

LEFT JOIN m_bhulekh_village 
ON  `t_cropping_land_details`.vch_village = m_bhulekh_village.int_villlage_code



LEFT JOIN 
( SELECT `bhulekh_response_data`.application_id,`bhulekh_response_data`.`dist_code`, `bhulekh_response_data`.`tehsil_code`, `bhulekh_response_data`.`vill_code`,
 `bhulekh_response_data`.`khata_no` ,`bhulekh_response_data`.`plot_no`,AVG(`bhulekh_response_data`.`area_in_acre`) as `area_in_acre`
 FROM `bhulekh_response_data`
 WHERE `bhulekh_response_data`.`area_in_acre` IS NOT NULL

 GROUP BY 1,2,3,4,5,6
 ) `bhulekh_response_data`
    
ON `bhulekh_response_data`.`dist_code` = t_cropping_land_details.`vch_district` 
AND `bhulekh_response_data`.`tehsil_code` = t_cropping_land_details.`vch_tahsil`
AND `bhulekh_response_data`.`vill_code` = t_cropping_land_details.`vch_village`
AND `bhulekh_response_data`.`khata_no` = t_cropping_land_details.`vch_khata_no`
AND `bhulekh_response_data`.`plot_no` = t_cropping_land_details.`vch_plot_no`
AND `t_cropping_land_details`.`vch_application_no` =`bhulekh_response_data`.application_id 

LEFT JOIN 
(SELECT mpas_dump_data.`Aadhar_No. of farmer`,`Khata No`, mpas_dump_data.`Village Name`,`mpas_dump_data`.`Plot No`, AVG(`mpas_dump_data`.`Area in Acre`)AS `Area in Acre` FROM mpas_dump_data
WHERE `mpas_dump_data`.`Area in Acre` IS NOT NULL

GROUP BY 1,2,3,4) mpas_dump_data

ON `t_cropping_land_details`.`vch_aadharno` =  `mpas_dump_data`.`Aadhar_No. of farmer`
AND  `t_cropping_land_details`.`vch_khata_no` = `mpas_dump_data`.`Khata No`
AND `t_cropping_land_details`.`vch_plot_no` = `mpas_dump_data`.`Plot No`


LEFT JOIN 
(SELECT `PlotNo`,`KhataNo`,`AADHAARNO`,ppas_dump_data.`Villagename`, AVG(`Tot_Area`) as `Tot_Area`  FROM ppas_dump_data 
WHERE `Tot_Area` IS NOT NULL


GROUP BY 1,2,3,4

) ppas_dump_data

ON `t_cropping_land_details`.`vch_aadharno` =  `ppas_dump_data`.`AADHAARNO`
AND  `t_cropping_land_details`.`vch_khata_no` = `ppas_dump_data`.`KhataNo`
AND `t_cropping_land_details`.`vch_plot_no` = `ppas_dump_data`.`PlotNo`

WHERE m_bhulekh_district.vch_district IS NOT NULL",,1,"field,self,mpas,ppas,bhulekh"
36,Crop Production Details,Khata No,"SELECT DISTINCT 
`t_cropping_land_details`.`vch_aadharno`,
`t_cropping_land_details`.`vch_tahsil`,
`t_cropping_land_details`.`vch_village`,
`t_cropping_land_details`.`vch_khata_no`,
`t_cropping_land_details`.`vch_plot_no`,

CASE WHEN  `t_cropping_land_details`.`updated_at` <= '2202-05-03'  THEN `t_cropping_land_details`.`vch_khata_no`
WHEN `t_cropping_land_details`.`updated_at` IS NULL   THEN  `t_cropping_land_details`.`vch_khata_no`
ELSE NULL 
END AS field  ,

CASE WHEN `t_cropping_land_details`.`updated_at` > '2202-05-03'   THEN  `t_cropping_land_details`.`vch_khata_no`
ELSE NULL 
END AS self,
CASE WHEN  `bhulekh_response_data`.`plot_no`  IS NOT NULL THEN `t_cropping_land_details`.`vch_khata_no`
ELSE NULL END as bhulekh,
lower(mpas_dump_data.`Khata No`) AS mpas,
`ppas_dump_data`.`KhataNo` AS ppas


FROM `t_cropping_land_details` 




LEFT JOIN 
( SELECT `bhulekh_response_data`.application_id,`bhulekh_response_data`.`dist_code`, `bhulekh_response_data`.`tehsil_code`, `bhulekh_response_data`.`vill_code`,
 `bhulekh_response_data`.`khata_no` ,`bhulekh_response_data`.`plot_no`,AVG(`bhulekh_response_data`.`area_in_acre`) as `area_in_acre`
 FROM `bhulekh_response_data`
 WHERE `bhulekh_response_data`.`area_in_acre` IS NOT NULL

 GROUP BY 1,2,3,4,5,6
 ) `bhulekh_response_data`
    
ON `bhulekh_response_data`.`dist_code` = t_cropping_land_details.`vch_district` 
AND `bhulekh_response_data`.`tehsil_code` = t_cropping_land_details.`vch_tahsil`
AND `bhulekh_response_data`.`vill_code` = t_cropping_land_details.`vch_village`
AND `bhulekh_response_data`.`khata_no` = t_cropping_land_details.`vch_khata_no`
AND `bhulekh_response_data`.`plot_no` = t_cropping_land_details.`vch_plot_no`
AND `t_cropping_land_details`.`vch_application_no` =`bhulekh_response_data`.application_id 

LEFT JOIN 
(SELECT mpas_dump_data.`Aadhar_No. of farmer`,`Khata No`,`mpas_dump_data`.`Plot No`, AVG(`mpas_dump_data`.`Area in Acre`)AS `Area in Acre` FROM mpas_dump_data
WHERE `mpas_dump_data`.`Area in Acre` IS NOT NULL

GROUP BY 1,2,3,4) mpas_dump_data

ON `t_cropping_land_details`.`vch_aadharno` =  `mpas_dump_data`.`Aadhar_No. of farmer`
AND  `t_cropping_land_details`.`vch_khata_no` = `mpas_dump_data`.`Khata No`
AND `t_cropping_land_details`.`vch_plot_no` = `mpas_dump_data`.`Plot No`


LEFT JOIN 
(SELECT `PlotNo`,`KhataNo`,`AADHAARNO`,ppas_dump_data.`Villagename`, AVG(`Tot_Area`) as `Tot_Area`  FROM ppas_dump_data 
WHERE `Tot_Area` IS NOT NULL


GROUP BY 1,2,3,4

) ppas_dump_data

ON `t_cropping_land_details`.`vch_aadharno` =  `ppas_dump_data`.`AADHAARNO`
AND  `t_cropping_land_details`.`vch_khata_no` = `ppas_dump_data`.`KhataNo`
AND `t_cropping_land_details`.`vch_plot_no` = `ppas_dump_data`.`PlotNo`

WHERE m_bhulekh_district.vch_district IS NOT NULL",,1,"field,self,mpas,ppas,bhulekh"
37,Crop Production Details,Plot No,"SELECT DISTINCT 
`t_cropping_land_details`.`vch_aadharno`,
`t_cropping_land_details`.`vch_tahsil`,
`t_cropping_land_details`.`vch_village`,
`t_cropping_land_details`.`vch_khata_no`,
`t_cropping_land_details`.`vch_plot_no`,

CASE WHEN  `t_cropping_land_details`.`updated_at` <= '2202-05-03'  THEN `t_cropping_land_details`.`vch_plot_no`
WHEN `t_cropping_land_details`.`updated_at` IS NULL   THEN  `t_cropping_land_details`.`vch_plot_no`
ELSE NULL 
END AS field  ,

CASE WHEN `t_cropping_land_details`.`updated_at` > '2202-05-03'   THEN  `t_cropping_land_details`.`vch_plot_no`
ELSE NULL 
END AS self,
CASE WHEN  `bhulekh_response_data`.`plot_no`  IS NOT NULL THEN `t_cropping_land_details`.`vch_plot_no`
ELSE NULL END as bhulekh,
lower(mpas_dump_data.`District Name`) AS mpas,
`ppas_dump_data`.`PlotNo` AS ppas


FROM `t_cropping_land_details` 




LEFT JOIN 
( SELECT `bhulekh_response_data`.application_id,`bhulekh_response_data`.`dist_code`, `bhulekh_response_data`.`tehsil_code`, `bhulekh_response_data`.`vill_code`,
 `bhulekh_response_data`.`khata_no` ,`bhulekh_response_data`.`plot_no`,AVG(`bhulekh_response_data`.`area_in_acre`) as `area_in_acre`
 FROM `bhulekh_response_data`
 WHERE `bhulekh_response_data`.`area_in_acre` IS NOT NULL

 GROUP BY 1,2,3,4,5,6
 ) `bhulekh_response_data`
    
ON `bhulekh_response_data`.`dist_code` = t_cropping_land_details.`vch_district` 
AND `bhulekh_response_data`.`tehsil_code` = t_cropping_land_details.`vch_tahsil`
AND `bhulekh_response_data`.`vill_code` = t_cropping_land_details.`vch_village`
AND `bhulekh_response_data`.`khata_no` = t_cropping_land_details.`vch_khata_no`
AND `bhulekh_response_data`.`plot_no` = t_cropping_land_details.`vch_plot_no`
AND `t_cropping_land_details`.`vch_application_no` =`bhulekh_response_data`.application_id 

LEFT JOIN 
(SELECT mpas_dump_data.`Aadhar_No. of farmer`,`Khata No`,`mpas_dump_data`.`Plot No`, AVG(`mpas_dump_data`.`Area in Acre`)AS `Area in Acre` FROM mpas_dump_data
WHERE `mpas_dump_data`.`Area in Acre` IS NOT NULL

GROUP BY 1,2,3,4) mpas_dump_data

ON `t_cropping_land_details`.`vch_aadharno` =  `mpas_dump_data`.`Aadhar_No. of farmer`
AND  `t_cropping_land_details`.`vch_khata_no` = `mpas_dump_data`.`Khata No`
AND `t_cropping_land_details`.`vch_plot_no` = `mpas_dump_data`.`Plot No`


LEFT JOIN 
(SELECT `PlotNo`,`KhataNo`,`AADHAARNO`,ppas_dump_data.`Villagename`, AVG(`Tot_Area`) as `Tot_Area`  FROM ppas_dump_data 
WHERE `Tot_Area` IS NOT NULL


GROUP BY 1,2,3,4

) ppas_dump_data

ON `t_cropping_land_details`.`vch_aadharno` =  `ppas_dump_data`.`AADHAARNO`
AND  `t_cropping_land_details`.`vch_khata_no` = `ppas_dump_data`.`KhataNo`
AND `t_cropping_land_details`.`vch_plot_no` = `ppas_dump_data`.`PlotNo`

WHERE m_bhulekh_district.vch_district IS NOT NULL",,1,"field,self,mpas,ppas,bhulekh"
38,Crop Production Details,Plot Owner Name,"SELECT DISTINCT 
`t_cropping_land_details`.`vch_aadharno`,
`t_cropping_land_details`.`vch_tahsil`,
`t_cropping_land_details`.`vch_village`,
`t_cropping_land_details`.`vch_khata_no`,
`t_cropping_land_details`.`vch_plot_no`,

CASE WHEN  `t_cropping_land_details`.`updated_at` <= '2202-05-03'  THEN `t_cropping_land_details`.`vch_patta_name`
WHEN `t_cropping_land_details`.`updated_at` IS NULL   THEN  `t_cropping_land_details`.`vch_patta_name`
ELSE NULL 
END AS field  ,

CASE WHEN `t_cropping_land_details`.`updated_at` > '2202-05-03'   THEN  `t_cropping_land_details`.`vch_patta_name`
ELSE NULL 
END AS self

FROM `t_cropping_land_details` 

WHERE `t_cropping_land_details`.`vch_patta_name` IS NOT NULL",,0,"field,self"
39,Crop Production Details,Farmer Relation with Plot Owner,"SELECT DISTINCT 
`t_cropping_land_details`.`vch_aadharno`,
`t_cropping_land_details`.`vch_tahsil`,
`t_cropping_land_details`.`vch_village`,
`t_cropping_land_details`.`vch_khata_no`,
`t_cropping_land_details`.`vch_plot_no`,

CASE WHEN  `t_cropping_land_details`.`updated_at` <= '2202-05-03'  THEN `t_cropping_land_details`.`int_relation`
WHEN `t_cropping_land_details`.`updated_at` IS NULL   THEN  `t_cropping_land_details`.`int_relation`
ELSE NULL 
END AS field  ,

CASE WHEN `t_cropping_land_details`.`updated_at` > '2202-05-03'   THEN  `t_cropping_land_details`.`int_relation`
ELSE NULL 
END AS self

FROM `t_cropping_land_details` 


WHERE `t_cropping_land_details`.`int_relation` IS NOT NULL",,0,"field,self"
40,Crop Production Details,Landholding Size (Acres),"SELECT DISTINCT 
`t_cropping_land_details`.`vch_aadharno`,
`t_cropping_land_details`.`vch_tahsil`,
`t_cropping_land_details`.`vch_village`,
`t_cropping_land_details`.`vch_khata_no`,
`t_cropping_land_details`.`vch_plot_no`,
CASE WHEN `updated_at` <= '2202-05-03'   THEN ROUND(`t_cropping_land_details`.`float_landholding_size`,1)
ELSE NULL 
END AS field  ,
CASE WHEN `updated_at` > '2202-05-03'   THEN  ROUND(`t_cropping_land_details`.`float_landholding_size`,1)
ELSE NULL 
END AS self,
ROUND(`bhulekh_response_data`.`existing_landshare_in_acre`,1) as bhulekh,

FROM `t_cropping_land_details` 

LEFT JOIN 
( SELECT `bhulekh_response_data`.application_id,`bhulekh_response_data`.`dist_code`, `bhulekh_response_data`.`tehsil_code`, `bhulekh_response_data`.`vill_code`,
 `bhulekh_response_data`.`khata_no` ,`bhulekh_response_data`.`plot_no`,AVG(`bhulekh_response_data`.`existing_landshare_in_acre`) as `existing_landshare_in_acre`
 FROM `bhulekh_response_data`
 WHERE `bhulekh_response_data`.`existing_landshare_in_acre` IS NOT NULL

 GROUP BY 1,2,3,4,5,6
 ) `bhulekh_response_data`
    
ON `bhulekh_response_data`.`dist_code` = t_cropping_land_details.`vch_district` 
AND `bhulekh_response_data`.`tehsil_code` = t_cropping_land_details.`vch_tahsil`
AND `bhulekh_response_data`.`vill_code` = t_cropping_land_details.`vch_village`
AND `bhulekh_response_data`.`khata_no` = t_cropping_land_details.`vch_khata_no`
AND `bhulekh_response_data`.`plot_no` = t_cropping_land_details.`vch_plot_no`
AND `t_cropping_land_details`.`vch_application_no` =`bhulekh_response_data`.application_id 

WHERE `t_cropping_land_details`.`float_landholding_size` IS NOT NULL",,1,"field,self,bhulekh,mpas,ppas"
41,Crop Production Details,Farmer Area under Cultivation (Acres),"SELECT DISTINCT 
`t_cropping_land_details`.`vch_aadharno`,
`t_cropping_land_details`.`vch_tahsil`,
`t_cropping_land_details`.`vch_village`,
`t_cropping_land_details`.`vch_khata_no`,
`t_cropping_land_details`.`vch_plot_no`,
CASE WHEN `updated_at` <= '2202-05-03'   THEN ROUND(`t_cropping_land_details`.`float_landholding_size`,1)
ELSE NULL 
END AS field  ,
CASE WHEN `updated_at` > '2202-05-03'   THEN  ROUND(`t_cropping_land_details`.`float_landholding_size`,1)
ELSE NULL 
END AS self,
ROUND(`bhulekh_response_data`.`area_in_acre`,1) as bhulekh,
ROUND(mpas_dump_data.`Area in Acre`,1) as mpas,
ROUND(ppas_dump_data.`Tot_Area`,1) as ppas


FROM `t_cropping_land_details` 

LEFT JOIN 
( SELECT `bhulekh_response_data`.application_id,`bhulekh_response_data`.`dist_code`, `bhulekh_response_data`.`tehsil_code`, `bhulekh_response_data`.`vill_code`,
 `bhulekh_response_data`.`khata_no` ,`bhulekh_response_data`.`plot_no`,AVG(`bhulekh_response_data`.`area_in_acre`) as `area_in_acre`
 FROM `bhulekh_response_data`
 WHERE `bhulekh_response_data`.`area_in_acre` IS NOT NULL

 GROUP BY 1,2,3,4,5,6
 ) `bhulekh_response_data`
    
ON `bhulekh_response_data`.`dist_code` = t_cropping_land_details.`vch_district` 
AND `bhulekh_response_data`.`tehsil_code` = t_cropping_land_details.`vch_tahsil`
AND `bhulekh_response_data`.`vill_code` = t_cropping_land_details.`vch_village`
AND `bhulekh_response_data`.`khata_no` = t_cropping_land_details.`vch_khata_no`
AND `bhulekh_response_data`.`plot_no` = t_cropping_land_details.`vch_plot_no`
AND `t_cropping_land_details`.`vch_application_no` =`bhulekh_response_data`.application_id 

LEFT JOIN 
(SELECT mpas_dump_data.`Aadhar_No. of farmer`,`Khata No`, `mpas_dump_data`.`Plot No`, AVG(`mpas_dump_data`.`Area in Acre`)AS `Area in Acre` FROM mpas_dump_data
WHERE `mpas_dump_data`.`Area in Acre` IS NOT NULL

GROUP BY 1,2,3) mpas_dump_data

ON `t_cropping_land_details`.`vch_aadharno` =  `mpas_dump_data`.`Aadhar_No. of farmer`
AND  `t_cropping_land_details`.`vch_khata_no` = `mpas_dump_data`.`Khata No`
AND `t_cropping_land_details`.`vch_plot_no` = `mpas_dump_data`.`Plot No`


LEFT JOIN 
(SELECT `PlotNo`,`KhataNo`,`AADHAARNO`,AVG(`Tot_Area`) as `Tot_Area`  FROM ppas_dump_data 
WHERE `Tot_Area` IS NOT NULL

GROUP BY 1,2,3

) ppas_dump_data

ON `t_cropping_land_details`.`vch_aadharno` =  `ppas_dump_data`.`AADHAARNO`
AND  `t_cropping_land_details`.`vch_khata_no` = `ppas_dump_data`.`KhataNo`
AND `t_cropping_land_details`.`vch_plot_no` = `ppas_dump_data`.`PlotNo`
WHERE `t_cropping_land_details`.`float_landholding_size` IS NOT NULL",,1,"field,self,mpas,ppas,bhulekh"
42,Crop Production Details,Geo-coordinates,,,0,
43,Crop Production Details,Land Type,"SELECT DISTINCT 
`t_cropping_land_details`.`vch_aadharno`,
`t_cropping_land_details`.`vch_tahsil`,
`t_cropping_land_details`.`vch_village`,
`t_cropping_land_details`.`vch_khata_no`,
`t_cropping_land_details`.`vch_plot_no`,

CASE WHEN  `t_cropping_land_details`.`updated_at` <= '2202-05-03'  THEN `t_cropping_land_details`.`int_land_type`
WHEN `t_cropping_land_details`.`updated_at` IS NULL   THEN  `t_cropping_land_details`.`int_land_type`
ELSE NULL 
END AS field  ,

CASE WHEN `t_cropping_land_details`.`updated_at` > '2202-05-03'   THEN  `t_cropping_land_details`.`int_land_type`
ELSE NULL 
END AS self

FROM `t_cropping_land_details` 


WHERE `t_cropping_land_details`.`int_land_type` IS NOT NULL",,0,"field,self"
44,Crop Production Details,Farmer owns this land,"SELECT DISTINCT 
`t_cropping_land_details`.`vch_aadharno`,
`t_cropping_land_details`.`vch_tahsil`,
`t_cropping_land_details`.`vch_village`,
`t_cropping_land_details`.`vch_khata_no`,
`t_cropping_land_details`.`vch_plot_no`,

CASE WHEN  `t_cropping_land_details`.`updated_at` <= '2202-05-03'  THEN `t_cropping_land_details`.`int_own_land`
WHEN `t_cropping_land_details`.`updated_at` IS NULL   THEN  `t_cropping_land_details`.`int_own_land`
ELSE NULL 
END AS field  ,

CASE WHEN `t_cropping_land_details`.`updated_at` > '2202-05-03'   THEN  `t_cropping_land_details`.`int_own_land`
ELSE NULL 
END AS self

FROM `t_cropping_land_details` 


WHERE `t_cropping_land_details`.`int_own_land` IS NOT NULL",,0,"field,self"
45,Crop Production Details,Kharif Crops,,,0,
46,Crop Production Details,Rabi Crops,,,0,
47,Crop Production Details,SummerZaid Crops,,,0,
48,Crop Production Details,Access to Irrigation,"SELECT DISTINCT 
`t_cropping_land_details`.`vch_aadharno`,
`t_cropping_land_details`.`vch_tahsil`,
`t_cropping_land_details`.`vch_village`,
`t_cropping_land_details`.`vch_khata_no`,
`t_cropping_land_details`.`vch_plot_no`,

CASE WHEN  `t_cropping_land_details`.`updated_at` <= '2022-05-03'  THEN `t_cropping_land_details`.`int_access_to_irrigation`
WHEN `t_cropping_land_details`.`updated_at` IS NULL   THEN  `t_cropping_land_details`.`int_access_to_irrigation`
ELSE NULL 
END AS field  ,

CASE WHEN `t_cropping_land_details`.`updated_at` > '2022-05-03'   THEN  `t_cropping_land_details`.`int_access_to_irrigation`
ELSE NULL 
END AS self,

`irrigation_kharif` as ama_krushi

FROM `t_cropping_land_details` 

LEFT JOIN t_farmer_info 
ON `t_cropping_land_details`.`int_krushk_id`

LEFT JOIN  
(SELECT DISTINCT number,`irrigation_kharif` FROM `ama_krushi` WHERE 
`full_irrigation_kharif` IS NOT NULL)  AS ama_krushi
ON t_farmer_info.`vch_mobile_no` = ama_krushi.number

WHERE `t_cropping_land_details`.`int_access_to_irrigation` IS NOT NULL",,1,"field,self,ama_krushi"
49,Crop Production Details,Type of Irrigation,"SELECT DISTINCT 
`t_cropping_land_details`.`vch_aadharno`,
`t_cropping_land_details`.`vch_tahsil`,
`t_cropping_land_details`.`vch_village`,
`t_cropping_land_details`.`vch_khata_no`,
`t_cropping_land_details`.`vch_plot_no`,

CASE WHEN  `t_cropping_land_details`.`updated_at` <= '2022-05-03'  THEN `t_cropping_land_details`.`int_irrigation_type_id`
WHEN `t_cropping_land_details`.`updated_at` IS NULL   THEN  `t_cropping_land_details`.`int_irrigation_type_id`
ELSE NULL 
END AS field  ,

CASE WHEN `t_cropping_land_details`.`updated_at` > '2022-05-03'   THEN  `t_cropping_land_details`.`int_irrigation_type_id`
ELSE NULL 
END AS self,

FROM `t_cropping_land_details` 

WHERE `t_cropping_land_details`.`int_irrigation_type_id` IS NOT NULL",,0,"field,self"
50,Crop Production Details,"Farm Equipment,Implements","SELECT t_farmer_info.vch_aadharno , t_farmer_equipment_info.int_krushk_id, 

CASE WHEN  `t_farmer_equipment_info`.`updated_at` <= '2202-05-03'  THEN lower(m_farm_equipment.vch_equipment_name)
WHEN `t_farmer_equipment_info`.`updated_at` IS NULL   THEN  lower(m_farm_equipment.vch_equipment_name)
ELSE NULL 
END AS field  ,

CASE WHEN `t_cropping_land_details`.`updated_at` > '2202-05-03'   THEN  lower(m_farm_equipment.vch_equipment_name)
ELSE NULL 
END AS self,
lower(`mkuy_farmer_dbt_list`.`implement`) as mkuy

 FROM `t_farmer_equipment_info` LEFT JOIN m_farm_equipment 
 ON t_farmer_equipment_info.vch_eqipment = m_farm_equipment.int_farm_equipment_id
 LEFT JOIN t_farmer_info 
 ON t_farmer_equipment_info.int_krushk_id = t_farmer_info.int_krushk_id 
 LEFT JOIN 
 ( 
	SELECT DISTINCT `mkuy_farmer_dbt_list`.`implement`,`mkuy_data`.`decrypted_aadhar` FROM `mkuy_farmer_dbt_list`  

	INNER JOIN  mkuy_data 
	ON `mkuy_farmer_dbt_list`.`farmer_id` = `mkuy_data`.`nic_farmerid`
	WHERE `mkuy_farmer_dbt_list`.`implement` IS NOT NULL
	AND `mkuy_data`.`decrypted_aadhar` IS NOT NULL

) `mkuy_farmer_dbt_list`

ON t_farmer_info.vch_aadharno =  `mkuy_farmer_dbt_list`.`decrypted_aadhar`
WHERE m_farm_equipment.vch_equipment_name IS NOT NULL ",,1,"field,self,mkuy"
51,Crop Production Details,Farming Practice,,,0,"field,self"
52,Animal Production Details,Owns Large Animals,"SELECT ,`int_krushk_id` ,
CASE WHEN  `t_animal_production_details`.`updated_at` <= '2202-05-03'  THEN `t_animal_production_details`.`int_own_large_animal`
WHEN `t_animal_production_details`.`updated_at` IS NULL   THEN  `t_animal_production_details`.`int_own_large_animal`
ELSE NULL 
END AS field  ,

CASE WHEN `t_animal_production_details`.`updated_at` > '2202-05-03'   THEN  `t_animal_production_details`.`int_own_large_animal`
ELSE NULL 
END AS self
 FROM `t_animal_production_details`",,0,"field,self"
53,Animal Production Details,Type of Large Animals,,,0,"field,self"
54,Animal Production Details,No of Large Animals,"SELECT `t_animal_production_details`.`int_krushk_id`,
CASE WHEN  `t_animal_production_details`.`updated_at` <= '2022-05-03'  THEN `t_animal_production_details`.`count_animals`
WHEN `t_animal_production_details`.`updated_at` IS NULL   THEN  `t_animal_production_details`.`count_animals`
ELSE NULL 
END AS field  ,

CASE WHEN `t_animal_production_details`.`updated_at` > '2022-05-03'   THEN  `t_animal_production_details`.`count_animals`
ELSE NULL 
END AS self

FROM 
(SELECT `t_farmer_asset_animal_info`.`updated_at`,
`t_farmer_asset_animal_info`.int_krushk_id,
sum(`t_farmer_asset_animal_info`.int_count) as count_animals FROM `t_farmer_asset_animal_info`

LEFT JOIN m_animal_production
ON t_farmer_asset_animal_info.int_animal_master_id = m_animal_production.int_animal_production_id

WHERE `m_animal_production`.`vch_animal_category` = 'large'
AND int_krushk_id IS NOT NULL

LIMIT 10) `t_animal_production_details` ",,0,"field,self"
55,Animal Production Details,Animal Tag,,,0,"field,self"
56,Animal Production Details,Owns Small Animals,"SELECT ,`int_krushk_id` ,
CASE WHEN  `t_animal_production_details`.`updated_at` <= '2202-05-03'  THEN `t_animal_production_details`.`int_own_small_animal`
WHEN `t_animal_production_details`.`updated_at` IS NULL   THEN  `t_animal_production_details`.`int_own_small_animal`
ELSE NULL 
END AS field  ,

CASE WHEN `t_animal_production_details`.`updated_at` > '2202-05-03'   THEN  `t_animal_production_details`.`int_own_small_animal`
ELSE NULL 
END AS self
 FROM `t_animal_production_details`",,0,"field,self"
57,Animal Production Details,Type of Small Animals,,,0,"field,self"
58,Animal Production Details,No of Small Animals,"
SELECT `t_animal_production_details`.`int_krushk_id`,
CASE WHEN  `t_animal_production_details`.`updated_at` <= '2022-05-03'  THEN `t_animal_production_details`.`count_animals`
WHEN `t_animal_production_details`.`updated_at` IS NULL   THEN  `t_animal_production_details`.`count_animals`
ELSE NULL 
END AS field  ,

CASE WHEN `t_animal_production_details`.`updated_at` > '2022-05-03'   THEN  `t_animal_production_details`.`count_animals`
ELSE NULL 
END AS self

FROM 
(SELECT `t_farmer_asset_animal_info`.`updated_at`,
`t_farmer_asset_animal_info`.int_krushk_id,
sum(`t_farmer_asset_animal_info`.int_count) as count_animals FROM `t_farmer_asset_animal_info`

LEFT JOIN m_animal_production
ON t_farmer_asset_animal_info.int_animal_master_id = m_animal_production.int_animal_production_id

WHERE `m_animal_production`.`vch_animal_category` = 'small'
AND int_krushk_id IS NOT NULL
GROUP BY  1,2
) `t_animal_production_details` ",,0,"field,self"
59,Animal Production Details,Owns Poultry,"SELECT ,`int_krushk_id` ,
CASE WHEN  `t_animal_production_details`.`updated_at` <= '2202-05-03'  THEN `t_animal_production_details`.`int_own_poultry`
WHEN `t_animal_production_details`.`updated_at` IS NULL   THEN  `t_animal_production_details`.`int_own_poultry`
ELSE NULL 
END AS field  ,

CASE WHEN `t_animal_production_details`.`updated_at` > '2202-05-03'   THEN  `t_animal_production_details`.`int_own_poultry`
ELSE NULL 
END AS self
 FROM `t_animal_production_details`",,0,"field,self"
